<?xml version="1.0" encoding="UTF-8"?>
<beans xmlns="http://www.springframework.org/schema/beans"
	xmlns:xsi="http://www.w3.org/2001/XMLSchema-instance"
	xmlns:context="http://www.springframework.org/schema/context"
	xmlns:mvc="http://www.springframework.org/schema/mvc"
	xsi:schemaLocation="http://www.springframework.org/schema/mvc http://www.springframework.org/schema/mvc/spring-mvc-4.3.xsd
		http://www.springframework.org/schema/beans http://www.springframework.org/schema/beans/spring-beans.xsd
		http://www.springframework.org/schema/context http://www.springframework.org/schema/context/spring-context-4.3.xsd">

	<!-- SpringMVC的配置，包含网站跳转逻辑控制 -->
	<context:component-scan base-package="com.newoj" use-default-filters="false">
		<!-- 只扫描控制器 -->
		<context:include-filter type="annotation" expression="org.springframework.stereotype.Controller"/>

	</context:component-scan>
	<!-- 配置视图解析器，方便页面返回 -->
	<bean class="org.springframework.web.servlet.view.InternalResourceViewResolver">
		<property name="prefix" value="/WEB-INF/views/"></property>
		<property name="suffix" value=".jsp"></property>
	
	</bean>

 <!--200*1024*1024即200M resolveLazily属性启用是为了推迟文件解析，以便捕获文件大小异常 -->
 
	 <bean id="multipartResolver"
		class="org.springframework.web.multipart.commons.CommonsMultipartResolver">
		<property name="maxUploadSize" value="209715200" />   
		<property name="defaultEncoding" value="UTF-8" />
		<property name="resolveLazily" value="true" />
	</bean>
	
	<!-- 两个标准配置 -->
	<!-- 将SpringMVC不能处理的请求交给tomcat -->
	<mvc:default-servlet-handler/>
	<!-- 能支持Springmvc更高级的一些功能，JSPR303校验，快捷的ajax。。。映射动态请求 -->
	<mvc:annotation-driven/>
</beans>
