<?xml version="1.0" encoding="UTF-8"?>
<!DOCTYPE mapper PUBLIC "-//mybatis.org//DTD Mapper 3.0//EN" "http://mybatis.org/dtd/mybatis-3-mapper.dtd">
<mapper namespace="com.newoj.dao.ContestMapMapper">
  <resultMap id="BaseResultMap" type="com.newoj.bean.ContestMap">
    <id column="map_id" jdbcType="INTEGER" property="mapId" />
    <result column="pro_id" jdbcType="INTEGER" property="proId" />
    <result column="con_id" jdbcType="INTEGER" property="conId" />
  </resultMap>
  <sql id="Example_Where_Clause">
    <where>
      <foreach collection="oredCriteria" item="criteria" separator="or">
        <if test="criteria.valid">
          <trim prefix="(" prefixOverrides="and" suffix=")">
            <foreach collection="criteria.criteria" item="criterion">
              <choose>
                <when test="criterion.noValue">
                  and ${criterion.condition}
                </when>
                <when test="criterion.singleValue">
                  and ${criterion.condition} #{criterion.value}
                </when>
                <when test="criterion.betweenValue">
                  and ${criterion.condition} #{criterion.value} and #{criterion.secondValue}
                </when>
                <when test="criterion.listValue">
                  and ${criterion.condition}
                  <foreach close=")" collection="criterion.value" item="listItem" open="(" separator=",">
                    #{listItem}
                  </foreach>
                </when>
              </choose>
            </foreach>
          </trim>
        </if>
      </foreach>
    </where>
  </sql>
  <sql id="Update_By_Example_Where_Clause">
    <where>
      <foreach collection="example.oredCriteria" item="criteria" separator="or">
        <if test="criteria.valid">
          <trim prefix="(" prefixOverrides="and" suffix=")">
            <foreach collection="criteria.criteria" item="criterion">
              <choose>
                <when test="criterion.noValue">
                  and ${criterion.condition}
                </when>
                <when test="criterion.singleValue">
                  and ${criterion.condition} #{criterion.value}
                </when>
                <when test="criterion.betweenValue">
                  and ${criterion.condition} #{criterion.value} and #{criterion.secondValue}
                </when>
                <when test="criterion.listValue">
                  and ${criterion.condition}
                  <foreach close=")" collection="criterion.value" item="listItem" open="(" separator=",">
                    #{listItem}
                  </foreach>
                </when>
              </choose>
            </foreach>
          </trim>
        </if>
      </foreach>
    </where>
  </sql>
  <sql id="Base_Column_List">
    map_id, pro_id, con_id
  </sql>
  <select id="selectByExample" parameterType="com.newoj.bean.ContestMapExample" resultMap="BaseResultMap">
    select
    <if test="distinct">
      distinct
    </if>
    <include refid="Base_Column_List" />
    from con_pro_map
    <if test="_parameter != null">
      <include refid="Example_Where_Clause" />
    </if>
    <if test="orderByClause != null">
      order by ${orderByClause}
    </if>
  </select>
  <select id="selectByPrimaryKey" parameterType="java.lang.Integer" resultMap="BaseResultMap">
    select 
    <include refid="Base_Column_List" />
    from con_pro_map
    where map_id = #{mapId,jdbcType=INTEGER}
  </select>
  <delete id="deleteByPrimaryKey" parameterType="java.lang.Integer">
    delete from con_pro_map
    where map_id = #{mapId,jdbcType=INTEGER}
  </delete>
  <delete id="deleteByExample" parameterType="com.newoj.bean.ContestMapExample">
    delete from con_pro_map
    <if test="_parameter != null">
      <include refid="Example_Where_Clause" />
    </if>
  </delete>
  <insert id="insert" parameterType="com.newoj.bean.ContestMap">
    insert into con_pro_map (map_id, pro_id, con_id
      )
    values (#{mapId,jdbcType=INTEGER}, #{proId,jdbcType=INTEGER}, #{conId,jdbcType=INTEGER}
      )
  </insert>
  <insert id="insertSelective" parameterType="com.newoj.bean.ContestMap">
    insert into con_pro_map
    <trim prefix="(" suffix=")" suffixOverrides=",">
      <if test="mapId != null">
        map_id,
      </if>
      <if test="proId != null">
        pro_id,
      </if>
      <if test="conId != null">
        con_id,
      </if>
    </trim>
    <trim prefix="values (" suffix=")" suffixOverrides=",">
      <if test="mapId != null">
        #{mapId,jdbcType=INTEGER},
      </if>
      <if test="proId != null">
        #{proId,jdbcType=INTEGER},
      </if>
      <if test="conId != null">
        #{conId,jdbcType=INTEGER},
      </if>
    </trim>
  </insert>
  <select id="countByExample" parameterType="com.newoj.bean.ContestMapExample" resultType="java.lang.Long">
    select count(*) from con_pro_map
    <if test="_parameter != null">
      <include refid="Example_Where_Clause" />
    </if>
  </select>
  <update id="updateByExampleSelective" parameterType="map">
    update con_pro_map
    <set>
      <if test="record.mapId != null">
        map_id = #{record.mapId,jdbcType=INTEGER},
      </if>
      <if test="record.proId != null">
        pro_id = #{record.proId,jdbcType=INTEGER},
      </if>
      <if test="record.conId != null">
        con_id = #{record.conId,jdbcType=INTEGER},
      </if>
    </set>
    <if test="_parameter != null">
      <include refid="Update_By_Example_Where_Clause" />
    </if>
  </update>
  <update id="updateByExample" parameterType="map">
    update con_pro_map
    set map_id = #{record.mapId,jdbcType=INTEGER},
      pro_id = #{record.proId,jdbcType=INTEGER},
      con_id = #{record.conId,jdbcType=INTEGER}
    <if test="_parameter != null">
      <include refid="Update_By_Example_Where_Clause" />
    </if>
  </update>
  <update id="updateByPrimaryKeySelective" parameterType="com.newoj.bean.ContestMap">
    update con_pro_map
    <set>
      <if test="proId != null">
        pro_id = #{proId,jdbcType=INTEGER},
      </if>
      <if test="conId != null">
        con_id = #{conId,jdbcType=INTEGER},
      </if>
    </set>
    where map_id = #{mapId,jdbcType=INTEGER}
  </update>
  <update id="updateByPrimaryKey" parameterType="com.newoj.bean.ContestMap">
    update con_pro_map
    set pro_id = #{proId,jdbcType=INTEGER},
      con_id = #{conId,jdbcType=INTEGER}
    where map_id = #{mapId,jdbcType=INTEGER}
  </update>
</mapper>