<?xml version="1.0" encoding="UTF-8"?>
<!DOCTYPE mapper PUBLIC "-//mybatis.org//DTD Mapper 3.0//EN" "http://mybatis.org/dtd/mybatis-3-mapper.dtd">
<mapper namespace="com.newoj.dao.SubmissionMapper">
  <resultMap id="BaseResultMap" type="com.newoj.bean.Submission">
    <id column="sub_id" jdbcType="INTEGER" property="subId" />
    <result column="stu_id" jdbcType="INTEGER" property="stuId" />
    <result column="pro_id" jdbcType="INTEGER" property="proId" />
    <result column="result" jdbcType="VARCHAR" property="result" />
    <result column="sub_time" jdbcType="TIMESTAMP" property="subTime" />
    <result column="time" jdbcType="INTEGER" property="time" />
    <result column="mem" jdbcType="INTEGER" property="mem" />
    <result column="length" jdbcType="INTEGER" property="length" />
  </resultMap>
  <sql id="Example_Where_Clause">
    <where>
      <foreach collection="oredCriteria" item="criteria" separator="or">
        <if test="criteria.valid">
          <trim prefix="(" prefixOverrides="and" suffix=")">
            <foreach collection="criteria.criteria" item="criterion">
              <choose>
                <when test="criterion.noValue">
                  and ${criterion.condition}
                </when>
                <when test="criterion.singleValue">
                  and ${criterion.condition} #{criterion.value}
                </when>
                <when test="criterion.betweenValue">
                  and ${criterion.condition} #{criterion.value} and #{criterion.secondValue}
                </when>
                <when test="criterion.listValue">
                  and ${criterion.condition}
                  <foreach close=")" collection="criterion.value" item="listItem" open="(" separator=",">
                    #{listItem}
                  </foreach>
                </when>
              </choose>
            </foreach>
          </trim>
        </if>
      </foreach>
    </where>
  </sql>
  <sql id="Update_By_Example_Where_Clause">
    <where>
      <foreach collection="example.oredCriteria" item="criteria" separator="or">
        <if test="criteria.valid">
          <trim prefix="(" prefixOverrides="and" suffix=")">
            <foreach collection="criteria.criteria" item="criterion">
              <choose>
                <when test="criterion.noValue">
                  and ${criterion.condition}
                </when>
                <when test="criterion.singleValue">
                  and ${criterion.condition} #{criterion.value}
                </when>
                <when test="criterion.betweenValue">
                  and ${criterion.condition} #{criterion.value} and #{criterion.secondValue}
                </when>
                <when test="criterion.listValue">
                  and ${criterion.condition}
                  <foreach close=")" collection="criterion.value" item="listItem" open="(" separator=",">
                    #{listItem}
                  </foreach>
                </when>
              </choose>
            </foreach>
          </trim>
        </if>
      </foreach>
    </where>
  </sql>
  <sql id="Base_Column_List">
    sub_id, stu_id, pro_id, result, sub_time, time, mem, length
  </sql>
  <select id="selectByExample" parameterType="com.newoj.bean.SubmissionExample" resultMap="BaseResultMap">
    select
    <if test="distinct">
      distinct
    </if>
    <include refid="Base_Column_List" />
    from submission
    <if test="_parameter != null">
      <include refid="Example_Where_Clause" />
    </if>
    <if test="orderByClause != null">
      order by ${orderByClause}
    </if>
  </select>
  <select id="selectByPrimaryKey" parameterType="java.lang.Integer" resultMap="BaseResultMap">
    select 
    <include refid="Base_Column_List" />
    from submission
    where sub_id = #{subId,jdbcType=INTEGER}
  </select>
  <delete id="deleteByPrimaryKey" parameterType="java.lang.Integer">
    delete from submission
    where sub_id = #{subId,jdbcType=INTEGER}
  </delete>
  <delete id="deleteByExample" parameterType="com.newoj.bean.SubmissionExample">
    delete from submission
    <if test="_parameter != null">
      <include refid="Example_Where_Clause" />
    </if>
  </delete>
  <insert id="insert" parameterType="com.newoj.bean.Submission">
    insert into submission (sub_id, stu_id, pro_id, 
      result, sub_time, time, 
      mem, length)
    values (#{subId,jdbcType=INTEGER}, #{stuId,jdbcType=INTEGER}, #{proId,jdbcType=INTEGER}, 
      #{result,jdbcType=VARCHAR}, #{subTime,jdbcType=TIMESTAMP}, #{time,jdbcType=INTEGER}, 
      #{mem,jdbcType=INTEGER}, #{length,jdbcType=INTEGER})
  </insert>
  <insert id="insertSelective" parameterType="com.newoj.bean.Submission">
    insert into submission
    <trim prefix="(" suffix=")" suffixOverrides=",">
      <if test="subId != null">
        sub_id,
      </if>
      <if test="stuId != null">
        stu_id,
      </if>
      <if test="proId != null">
        pro_id,
      </if>
      <if test="result != null">
        result,
      </if>
      <if test="subTime != null">
        sub_time,
      </if>
      <if test="time != null">
        time,
      </if>
      <if test="mem != null">
        mem,
      </if>
      <if test="length != null">
        length,
      </if>
    </trim>
    <trim prefix="values (" suffix=")" suffixOverrides=",">
      <if test="subId != null">
        #{subId,jdbcType=INTEGER},
      </if>
      <if test="stuId != null">
        #{stuId,jdbcType=INTEGER},
      </if>
      <if test="proId != null">
        #{proId,jdbcType=INTEGER},
      </if>
      <if test="result != null">
        #{result,jdbcType=VARCHAR},
      </if>
      <if test="subTime != null">
        #{subTime,jdbcType=TIMESTAMP},
      </if>
      <if test="time != null">
        #{time,jdbcType=INTEGER},
      </if>
      <if test="mem != null">
        #{mem,jdbcType=INTEGER},
      </if>
      <if test="length != null">
        #{length,jdbcType=INTEGER},
      </if>
    </trim>
  </insert>
  <select id="countByExample" parameterType="com.newoj.bean.SubmissionExample" resultType="java.lang.Long">
    select count(*) from submission
    <if test="_parameter != null">
      <include refid="Example_Where_Clause" />
    </if>
  </select>
  <update id="updateByExampleSelective" parameterType="map">
    update submission
    <set>
      <if test="record.subId != null">
        sub_id = #{record.subId,jdbcType=INTEGER},
      </if>
      <if test="record.stuId != null">
        stu_id = #{record.stuId,jdbcType=INTEGER},
      </if>
      <if test="record.proId != null">
        pro_id = #{record.proId,jdbcType=INTEGER},
      </if>
      <if test="record.result != null">
        result = #{record.result,jdbcType=VARCHAR},
      </if>
      <if test="record.subTime != null">
        sub_time = #{record.subTime,jdbcType=TIMESTAMP},
      </if>
      <if test="record.time != null">
        time = #{record.time,jdbcType=INTEGER},
      </if>
      <if test="record.mem != null">
        mem = #{record.mem,jdbcType=INTEGER},
      </if>
      <if test="record.length != null">
        length = #{record.length,jdbcType=INTEGER},
      </if>
    </set>
    <if test="_parameter != null">
      <include refid="Update_By_Example_Where_Clause" />
    </if>
  </update>
  <update id="updateByExample" parameterType="map">
    update submission
    set sub_id = #{record.subId,jdbcType=INTEGER},
      stu_id = #{record.stuId,jdbcType=INTEGER},
      pro_id = #{record.proId,jdbcType=INTEGER},
      result = #{record.result,jdbcType=VARCHAR},
      sub_time = #{record.subTime,jdbcType=TIMESTAMP},
      time = #{record.time,jdbcType=INTEGER},
      mem = #{record.mem,jdbcType=INTEGER},
      length = #{record.length,jdbcType=INTEGER}
    <if test="_parameter != null">
      <include refid="Update_By_Example_Where_Clause" />
    </if>
  </update>
  <update id="updateByPrimaryKeySelective" parameterType="com.newoj.bean.Submission">
    update submission
    <set>
      <if test="stuId != null">
        stu_id = #{stuId,jdbcType=INTEGER},
      </if>
      <if test="proId != null">
        pro_id = #{proId,jdbcType=INTEGER},
      </if>
      <if test="result != null">
        result = #{result,jdbcType=VARCHAR},
      </if>
      <if test="subTime != null">
        sub_time = #{subTime,jdbcType=TIMESTAMP},
      </if>
      <if test="time != null">
        time = #{time,jdbcType=INTEGER},
      </if>
      <if test="mem != null">
        mem = #{mem,jdbcType=INTEGER},
      </if>
      <if test="length != null">
        length = #{length,jdbcType=INTEGER},
      </if>
    </set>
    where sub_id = #{subId,jdbcType=INTEGER}
  </update>
  <update id="updateByPrimaryKey" parameterType="com.newoj.bean.Submission">
    update submission
    set stu_id = #{stuId,jdbcType=INTEGER},
      pro_id = #{proId,jdbcType=INTEGER},
      result = #{result,jdbcType=VARCHAR},
      sub_time = #{subTime,jdbcType=TIMESTAMP},
      time = #{time,jdbcType=INTEGER},
      mem = #{mem,jdbcType=INTEGER},
      length = #{length,jdbcType=INTEGER}
    where sub_id = #{subId,jdbcType=INTEGER}
  </update>
</mapper>